root	dirplayer-js-api/index.d.ts	98d4b69f00c386c64b0773b6155f212b569d08918856cc1a53d2864c5bd77124
root	dirplayer-js-api/index.js	e9a104029112961a370e4a18e60bde646cbebed1edb3414ba4305ed766e71b35
root	dirplayer-js-api/package.json	703e04f3e1e2aa9ba555655bfd851311aa96bc0c373b82473d190b266398c4ce
root	mise.toml	a8d10548ed3a7fbe794a851d546c3367af6f1618e617769f726868c6b086e4e4
root	src/App.css	59178777bc23497c3112abfbf2d30265d399633225a92a7aaa824dfffb222c86
root	src/App.test.tsx	1f0914ca057e799130da87a78d48021657aba67e01fcbcb50b099944ee2ea864
root	src/App.tsx	54cc5cd55efd68cd6f0b1472284d7c55e381e39e2de991f865f512447ed39e5c
root	src/assets/logo128.png	e5ca9022e5f7293db6a721f6bc6efbf00b5afe31260e072d938864f558f16d68
root	src/audio/audioInit.ts	753a6a1038123a416a88f82161a8fcfbc5bfd20586e44c6a1d8ad31907340a0a
root	src/components/CastList/index.tsx	fda230cead3c186facf1a6257cfc9e2c22421f778ead6aa789a18e7d78f77ab7
root	src/components/CastList/styles.module.css	60961f29d587e1f3db18b507328ddcd674864fe4bf8b16ed5da2b85196460a75
root	src/components/EmbedPlayer/index.tsx	327d9b5738fb9498a95097d5f9dc62b75acbd4830f7c1c7ee9c8b676f3c60719
root	src/components/ErrorOverlay/index.tsx	b2582bc48af20466f8024e61675b52f4f79c0cdb071c9eb224be2cb93752458d
root	src/components/ExpandableButton/index.tsx	5f271c352530168f52205c92496d2e31df1a89b3f1caf20f00335512ef78f3c2
root	src/components/ExpandableButton/styles.module.css	e19291a23646f78d9c41fa01eac89101f32d28b6fb540a61e4ecc0ec80b88e2f
root	src/components/IconButton/index.tsx	603a62d1cf67dce4187f7019b47ba80cc2e3cc67f7483f2af54fc8a696f78261
root	src/components/IconButton/styles.module.css	a10c61f44709847015b16c4206f121216253ae02023a102ff6deda03b07f9522
root	src/components/ListView/index.tsx	b7887adb5fed515f613ce51cf3d54d952a901982cba742de67b9d829b51f6cd7
root	src/components/ListView/styles.module.css	eec2084944f1a429ce2f4377dcddd31b3ed7a83aa1ce80af6a6c413c6faae164
root	src/components/PlaybackControls/index.tsx	48452e2d756fab14b709bede19047d9345db8419d91103181464297bbea37e20
root	src/components/PlaybackControls/styles.module.css	2ef43c7f57ced1203a2455209516b4dc8bc9fd95c2986121ab1304ed5f206525
root	src/components/PreviewCanvas/index.tsx	b706a83eace029e15c85227a1596c631b8626f25e91e382add76cdd71295d060
root	src/components/PropertyTable/index.tsx	791a66b2e2c7bbdba6412aa5f6ecb1c73e00a1b923eb3de67f13804eafdac20b
root	src/components/PropertyTable/styles.module.css	3486254ba1586e46b9c06577d006ab45fb4a05e009d74067b028b364a6ef84f7
root	src/components/ScoreTimeline/index.tsx	ab6a5ef794016e69a4591abe45744ba1f173886d1e5938140f3d91d493ff63c2
root	src/components/ScoreTimeline/styles.module.css	7a0106e87665cb0168ef65eb41b9dcaf774ec757abeb5b750a13175f305d80d5
root	src/components/ScriptMemberPreview/index.tsx	bbc22a15134eeb9cf25178af1355a50d347f42280499ace4c33fb75cc71949f8
root	src/components/ScriptMemberPreview/styles.module.css	04fc4d040e12896690f0ce0fde80edd742e521eee868d6e427e5e4b79d06475a
root	src/components/ShadowPortal/index.tsx	bf0aa6cf0bb8942a4b837c1e184f0f2b240ed56d355175a70ccf7a4396196aa3
root	src/components/TabView/index.tsx	1f6ad03bd08758b043c8d2e82f0881269663b7e4af902a8baec359a619645bf8
root	src/components/TabView/styles.module.css	6afa7879f0eb89addfc9722030726485c73c0cbf8752dfeb38c4a26b284f6676
root	src/components/ThemeToggle/index.tsx	7c02e75d352f6af716592839925cfca020072644c9ad5e7131fe2083e4a7b901
root	src/components/ThemeToggle/styles.module.css	ec56018f0d55e70a7313c8b37e3b7d5fdcc0ceae42d9224bc8badca52df60616
root	src/components/VMProvider.tsx	d3b19848a4ad101156dd8d94fa732138cfc02ec0ba7cd5db7e412f04cfc84fa4
root	src/constants.ts	34303c3fd3db9c8a4ad22f637f5728566749318e9654aad14e0f678162cbe9ca
root	src/hooks/selection.ts	a3b4f1184ecb73fc47cd2f51f95ab75c98f3b8232a69f9ecfc39095be922de25
root	src/index.css	1f8fa737c44fee7d78f8ae2b02bb555dc75a498d9b843b4dedf97610a6fa3454
root	src/index.tsx	e247270b720e2047223093030e74f30e218c52d3052b811398f1990fac55ae8f
root	src/logo.svg	6000b0e9b0b05b3f112de04f0d039768a1db63588ff9b6ef7099dbd71632f383
root	src/mcp/index.ts	ce1ef16c685b6aba16d9e5068af1a3ce5690abc9a34493266651b9bef2ef3667
root	src/mcp/server.ts	869391d04fa009c3be95c5ff7b7ad29115c5323ad927c648acc1deb170671b20
root	src/mcp/tools.ts	1190d770f206b6184f31ea88324b810a438a38560d8835d5c8ae38b0320ccafa
root	src/react-app-env.d.ts	57eda4c4c04a1dca45c62857326882ce9cc948c4b52973c0e3c3b7e4c3fa3990
root	src/reportWebVitals.ts	fa208d5a5ab6d20b64122998b074707dea08d12ed619652955f77df958d85786
root	src/services/flashPlayerManager.test.ts	ff866a5c65f6f0d7e5f39bab776ca54ca617e8d161392826774665b23744ecfc
root	src/services/flashPlayerManager.ts	a97fde861ae5a1d2f41fca7a77333da894520b9bc4c4a9f76adafa99e0edf084
root	src/services/netLoader.ts	f195f53a8306cfffe311c1fdcbb25d1cbe03fdb52b83da912d3b50e28f0ac3c8
root	src/services/ruffleBridgeClient.ts	fc020503c948643a3c0be303293eeb8544be7b046e7b9ee73a6259e185492a17
root	src/setupTests.ts	22583759d0045fdf8d62c9db0aacba9fd8bddde79c671aa08c97dcfd4e930cc6
root	src/store/createCompatReducer.ts	30c1873666d88c611e842550fe9a8f6b3e93ea628f2ebb2535edb52652061ec4
root	src/store/hooks.ts	39bea1e3537698d5b2bdbcae7795090b9e87a12c577b6e36de26f4eead4b9173
root	src/store/index.ts	8199d851f4d6dd1cee02a2e28428c8554a52bd301af1d63a1b0f806e196c87ce
root	src/store/uiSlice.ts	a47c86c41a06c0dbfde663db1afc35cd1cca461f9a0ca23d232e90aaee097da6
root	src/store/vmSlice.ts	ee8a59ad1db6083a4456ba05c296f078e7f907b31e2241e3803745993a700fe7
root	src/styles/theme.css	bc74391cb9d530e69bc988514d51c65b35c165642ab0466b6caf6c1b04a8287d
root	src/styles/typography.css	f63a053a9eb57e553e31c4bd1a26ea092725b8425cd568bf707ca0511c2e0299
root	src/utils/debug.ts	349068f7d1dc90e314fb4401e28ce8937682ef71d6f523b0c951d5b3e84c67c4
root	src/utils/download.ts	8f9a3aedfc6a81fe0da08179998477f03580a65503db65332d046e3d9be4f851
root	src/utils/electron.ts	34bd764b3e188eb732a04f5bf348d62e758a2493e94c0641bc22d5f1f2839c40
root	src/utils/hooks.ts	fc5d7bc7ff43d03758bc631f09068307ac55f7f3f66113d73ca543d51b290c57
root	src/utils/launchCommand.js	c31b916588f5da1952cfc78c3d101e4f405ef4b892b57a28480040af502fac47
root	src/utils/path.ts	a4704109d2459e485a60e62b3bed3ef947341b896dc525ad9e0acd27c5aeb81a
root	src/utils/score.ts	22b81be8366045cd4e24df3e26fc8eb2526998fdcfaa16233841096247623685
root	src/utils/scoreIndex.ts	dcabe8b45f604ca6308c29f3804c56695d3462b3a4f09eff8b89f2ede44634e8
root	src/utils/scoreLayout.ts	81a379097f5d2346fd6c99791dbcd387ec4306d63c0d31fe5fb8343809a9dea6
root	src/utils/theme.ts	15d234a696da25a89b29f60704a3b5f023da9da54e0a80e55c0cb9e051fac1f6
root	src/utils/usePlayhead.ts	d74767178e4179a267c74dc5c0917c9fd20a732d4966f21788e59cdb760f8f97
root	src/views/CastInspector/index.tsx	ebb28baa7449434486dbdd4f1eb9239119cddd92d2462c64b6f9c6254d9dd3fb
root	src/views/CastInspector/styles.module.css	4774b334bc82ef7e091a7b9d24050b56c6f9942dc95bcdf80909f90bc792a2dd
root	src/views/DebugInspector/index.tsx	0f79396775eb2c0b26aa015487ce4aac6117fa45c1210895bbcab16a2480df53
root	src/views/DebugInspector/layout.ts	a86a5a431edcfd5aeadaa454a68cc4e6a2b9430b8eaa9b15a2ce4bb8cf653433
root	src/views/DebugInspector/styles.module.css	2044788b11c642fff062a75de0e029ef4980f5fc4f4a35d027641bce2d2361d6
root	src/views/DirStudio/DirStudio.tsx	a1e43988f01176e3f6d41c8f091079e5a7671ee914ce09e58d35e7a8a44236ed
root	src/views/FilmLoopInspector/index.tsx	60697ee207045f8e183138a0fab895ce5ec58dc7db332fe25d63fb9e853525ec
root	src/views/FilmLoopInspector/styles.module.css	0f0cf67352a9fb791a5b47b95cc856141b9f6d7ef12143876503b4d1a561f15a
root	src/views/LoadMovie/index.tsx	e1c721abd1b8f1410f284aaa4c469f03b36cd5dfffb3fd9a3d86daadcd792d8e
root	src/views/LoadMovie/styles.module.css	7f11b261c7c7851820fc5d3624b8962e9845611c59268c52fc6f7675bfa22a15
root	src/views/MemberInspector/index.tsx	6ddf62c78b1d6633e0a82ee160814fe1abb2f8631c68381f2bb76cce298326b9
root	src/views/MemberInspector/styles.module.css	abd787ed49f5b6fb69640993482ab5b27f9046be12c87627eb02a7eb337e83f8
root	src/views/MessageInspector/index.tsx	214b6096a723dee1010f313f755a884585a173744316822b18b3a56d1c23a447
root	src/views/MessageInspector/styles.module.css	0d46ef1f0229fa3db8cc8834ae94c86452e96c913e5ec9f324ac7287323a20e2
root	src/views/PropertyInspector/MovieChunksView.tsx	ef93d0219bf18fa8ce1633260257a45823bc05804e02662ca654b716d40250c6
root	src/views/PropertyInspector/RenderingOptions.tsx	f1a2be6281788d8a7c774765f8b9ef9f05ba2fc8e82878725770a82490094172
root	src/views/PropertyInspector/index.tsx	2555d9d0442b792ef2bfabf430365dc240a7af4fd2def563b6aa1dca584c3e2a
root	src/views/PropertyInspector/styles.module.css	ffc585069cc5b07e91309e7138f9109332cc89b7ca281ed218c43c05fd2fcba3
root	src/views/ScoreInspector/index.tsx	ea917efa3c59563b0b9c1866712bb99f5135c8ea29b3221945b63a78695a84eb
root	src/views/ScoreInspector/styles.module.css	b78721830814079bb1977dd8c9e415620380e979904c37e5cc99605292ccd72f
root	src/views/Stage/index.tsx	e271ada1b587271a34700ba9ab0029ff26f46a6dbd9035de60f8d7c6299a46db
root	src/views/Stage/styles.module.css	f60bc64bf3211b91f66e58d3a15711ccfead6b6bdf179c769185cf4625a551de
root	src/views/StudioLayout/index.tsx	a1a5d8323fdf30e54460a18c2d2a9dde8d80fed0c52186951e7b99797e74c5a5
root	src/views/StudioLayout/layout.ts	9e077dfa026c5b1b688b567ef8b815eb16240fbda18b91c07bb0b0993de1a4ae
root	src/views/StudioLayout/styles.module.css	d2f02d91d876bfbe93937704313fe85615787fcff9fccf6f7d81e2c054629953
root	src/vm/callbacks.ts	d5156b5d91466f7814e213c836ed58407cceabaa2c020365707195f7f24702e3
root	src/vm/index.ts	a2704ff6bb4b441293fcd1f5da45a5f12396f03166b621402257df10519354bc
root	vm-rust/.appveyor.yml	93543302ff5874fa6d38043d760e84f170a2d8a69e8a0fb8f9dd7f0879d6d1ea
root	vm-rust/.github/dependabot.yml	d04c9b0253b2bbae886b59a11399ea260397b460cd9f5712d692d1c85f8ec090
root	vm-rust/.gitignore	13606820d9122bae6ac5e80f320c14238726858349a10a637fb016095857e3cd
root	vm-rust/.travis.yml	ca747b8321e8a98108e21929d6673dd4df8412e0d7045dd47b3b16d8b620f2c8
root	vm-rust/Cargo.lock	0be0d949624679b5d0f4bfa1d0ec65dd59b7bbeabdbfecc91438fa3248d0f641
root	vm-rust/Cargo.toml	3f6a51f82e0fe4e8fa99027dc6b8a1359c70318d73047efe0bcd6b1d597b0afb
root	vm-rust/README.md	66c80bd1adec18fae7c239f6513686bb7d9ddd883007aeade2d026a3b6e3186f
root	vm-rust/build.rs	5e9489adf7d993c94ea9170b560ad91c916e5b4494b34ab83f57a443d56bb992
root	vm-rust/lingo.pest	8c5ba1b00cc28f46227a815840446e5bd491a14e7b2036f05fdfbf8d77504b31
root	vm-rust/src/cursor.rs	7b89ffae8689314d79439734e5cfc81b8001c4c0c90181907425750e65a82e2d
root	vm-rust/src/director/cast.rs	c74981e6c7a5c8b271f246a6c7882adad9193f499d72bcabc442966015a752d9
root	vm-rust/src/director/chunks/bitmap.rs	ff391312409937f840d56ac388c6e615ac0f424bc77261e50ab06cbc5c388ce8
root	vm-rust/src/director/chunks/cast.rs	270004856ed95b919efb349618706b4c323092b69572575b1cd9ef1106a4acc0
root	vm-rust/src/director/chunks/cast_info.rs	82a37809e2800f55068df2ae8bd0fd7133349972b5cecb14701a2baa8bc25e16
root	vm-rust/src/director/chunks/cast_list.rs	80da65360973377890721c95874520def34a5bae7c486d01201da31b43895513
root	vm-rust/src/director/chunks/cast_member.rs	affb665713067fab7103e17cd3c0fb72e29b5572a877c1883ce62d7c3e6281a6
root	vm-rust/src/director/chunks/cast_member_info.rs	a2f00915ee98525f55c872b96de96a98a5290963d062054241632a073153b783
root	vm-rust/src/director/chunks/config.rs	cbca1d2f469962c74ff001ca2fc9fcd251cce1ce7af9e0013b8ffb5615efb734
root	vm-rust/src/director/chunks/cue_points.rs	d79ac2629846cef9ccdddb1f54f7401e16b25755da80010374b22e6ae1df0a78
root	vm-rust/src/director/chunks/effect.rs	5486688f472bdf38f221af10115a9e4ee1503251f465fab025bfc3b4f42b582a
root	vm-rust/src/director/chunks/handler.rs	89d19879c079f395e4dd501460990e886f3bce31104309eb1615aca44377b101
root	vm-rust/src/director/chunks/imap.rs	f8a0ab5f64b0a99c6168d6c1da363892b7808313968a794304abaca48fe08b1b
root	vm-rust/src/director/chunks/key_table.rs	e22de03a9fa921c40bfd7f99b2b7002761eb351f33808a1f3250cd5f09847cd1
root	vm-rust/src/director/chunks/lctx.rs	ed16c9cca83138dc759e7296c233eea906306943e13e907ceca04662e2d7c84c
root	vm-rust/src/director/chunks/list.rs	fb085ebe212757401578102b90b5f61e99accbafacb7c362a82d3f94a8ee7a1f
root	vm-rust/src/director/chunks/literal.rs	ec012d62fa8abe5198d4828dec3d27b27853f08d5daf479dcd0e19dea9fd7b68
root	vm-rust/src/director/chunks/media.rs	a07d130c4878d7bd6b6c1e6f59d6cb6b97f24ebe09ecefe7a49c548f585779ee
root	vm-rust/src/director/chunks/mod.rs	0866ae813a7241e020d618351d7e19fd49bf2b4a45162393f9d2f1eeb63abd5b
root	vm-rust/src/director/chunks/palette.rs	06ab86e4a6f0b060b3d0adf6b581b27bbad553004a2b1085cea48bf7d1851592
root	vm-rust/src/director/chunks/pfr1/bit_reader.rs	83f0e3169695171216594591c366c16ea5b1c178751265cdfb3a2c1c7d18ca9f
root	vm-rust/src/director/chunks/pfr1/glyph.rs	c15856265236954929b1bff231a08ba3159db77fbf140db49dee9cf30bdcd5b4
root	vm-rust/src/director/chunks/pfr1/header.rs	0d26a2fbfbaa4863e7744601e62117044297a93bc0ec6050b92511ab34e6be9b
root	vm-rust/src/director/chunks/pfr1/mod.rs	9f29ee49201ed5a105046d27796354b656ca4d1f536ee06761dd8454d5cea77e
root	vm-rust/src/director/chunks/pfr1/physical.rs	0294bedeb617251dde0a0c88a3ce2ff713d1cb6d1350923bcc0268a4fde0c707
root	vm-rust/src/director/chunks/pfr1/rasterizer.rs	31abb66abccc5d1ee3a0fc86ea7056c68848aebe952dd14ac9f62864dcbe17ed
root	vm-rust/src/director/chunks/pfr1/stroke_builder.rs	09c2ed0af0f881f06c81da09979190045d4f1f6af7b586bf78ba74782b3b7943
root	vm-rust/src/director/chunks/pfr1/types.rs	1ca057841b5cd133969cdc22ccd1f75ed90b79a6da5dcb6257631574414c6dee
root	vm-rust/src/director/chunks/score.rs	e1c8d5d512c033ae1faa18af4140485713d6d431322cb63a8a3bfb435ebdb966
root	vm-rust/src/director/chunks/score_order.rs	ae316edc6d04f70e9e00a12c01bab8a2715affa96ba9fb5279d56fe8852364e9
root	vm-rust/src/director/chunks/script.rs	da56d53fcf63accea12232cb16899b62c17708662e0618e803b2811d90e4412f
root	vm-rust/src/director/chunks/script_names.rs	d8bb66356d07f19d599cf039ec912bc5cc83636cc57b1e89d14b2301d30e056e
root	vm-rust/src/director/chunks/sound.rs	14f745a9c505ca2b89e31f2bb16a980e164d1968ea8be870c53381cf4c899f7e
root	vm-rust/src/director/chunks/text.rs	100ce726106d279790a1a75018e89f703752dbf240c8e8f54f3f292bb95578a7
root	vm-rust/src/director/chunks/thum.rs	573a51812f435fe23e12ee887d01e498f76518c4da51d7f61d8c0e9254aeec2c
root	vm-rust/src/director/chunks/tile_list.rs	a6cc8b4da09888592cc06e42a54cf7004167d09f371ad89306e3fcd4090bb371
root	vm-rust/src/director/chunks/w3d/bitstream.rs	0846490f874597907167292374cc021966f0cebec788e12804ee71b08846fc04
root	vm-rust/src/director/chunks/w3d/block_reader.rs	cb9dd51c08dc485bea033032de1ada8de686b89153822682a6abf4af7c7c1fab
root	vm-rust/src/director/chunks/w3d/block_types.rs	bf75ac19cc883341375d8b6e45ba08261c3359d121634e5eade9e94ae21a01c4
root	vm-rust/src/director/chunks/w3d/clod_decoder.rs	b9c4d9faa1b0b0897b9f91e1276397e444b2b7f95790d1d27e0d3190a5c1b886
root	vm-rust/src/director/chunks/w3d/clod_types.rs	b0ff23018b024cec7c79f6cda2d3bb6cb7add212d23db57dccda8b9fad2c79f0
root	vm-rust/src/director/chunks/w3d/gltf_export.rs	035fd3a1861cc4c7cc3640611a1020858e36d32bba23679678887ed93dd73077
root	vm-rust/src/director/chunks/w3d/merge.rs	c828b667400c246ea6fe905b3f4fa951a876ed89e4df9e43b934631a1d723077
root	vm-rust/src/director/chunks/w3d/mod.rs	d81d48f7a93c76d68641d73c5ca660eee48e6461281a7ec0ee703a13ea4f930e
root	vm-rust/src/director/chunks/w3d/parser.rs	0eb9ca03824da65399d4c5405e84bbe873c951cdde99900c31e2c928f7f93eac
root	vm-rust/src/director/chunks/w3d/primitives.rs	28ac78a5c0f07c2700b52ef3230fce680e3e59b8152fe17f6af3ed5f046e90e9
root	vm-rust/src/director/chunks/w3d/raycast.rs	75cf10b84b08b1110d0f38b50afef9be8f224f02674f01943e53dc0bd4729ef2
root	vm-rust/src/director/chunks/w3d/skeleton.rs	8cbe02fc82eb70801c73b7d437016d5caf20eead59a9c86f65d1bb93eb9baf7a
root	vm-rust/src/director/chunks/w3d/subdivision.rs	f89cad468db93310df6e139338b7af15f2281ab4a0a294469c54f8400d9b6151
root	vm-rust/src/director/chunks/w3d/text3d.rs	ff62682a2589b5993182fc86cc183a76be7ed4df96e830410ba09f0ccaf184de
root	vm-rust/src/director/chunks/w3d/types.rs	59043eeb05913225ac4927814ee787da46f44a98d3e5554d2185a031c502f840
root	vm-rust/src/director/chunks/xmedia.rs	f394873fb8e4092e74a3ba3d73511c91016f2df7dbcca0b82543dd96f7ace375
root	vm-rust/src/director/chunks/xmedia_styled_text.rs	e9101d6ab0e240fc1a3890e8d519e9194d6aa9ef457cd920cb9e5bd5b0f99454
root	vm-rust/src/director/chunks/xtra_list.rs	aec839151414c84045bee4d831b609c01a7d647d55cd77e37b739fb524ff53c0
root	vm-rust/src/director/enums.rs	e273f0778d44a5970bceba620cbd388ed49c8e5af1b947ff3682df4edd569997
root	vm-rust/src/director/file.rs	94dd0c3c5428ad276d320189a3464ab020cc5b2aa37f3284f5ab22b8d8a4be57
root	vm-rust/src/director/guid.rs	1659ff1c8ad04fb5f22b4e469c2dffcc43af6fa8e83aec05b4b33db055c5cce6
root	vm-rust/src/director/lingo/constants.rs	5e7d965e1c8c0e35ec0cbee0421ab5ec56fbc1d90d8c48f3bf0e53d22865841a
root	vm-rust/src/director/lingo/datum.rs	22566ef33e30d40b3f5f9cd2e73e9ef588ff7220c4541a1991c8910ef88fe845
root	vm-rust/src/director/lingo/decompiler/ast.rs	ece99ce41ffb38143e6c65e928ad8b9ecc5cb9633a58cbc602c1968ea63b6b8b
root	vm-rust/src/director/lingo/decompiler/code_writer.rs	b8f8fb8d6ff56f0141a16c9870973ea63b91ff08424034f446c1ffed82d6e6ef
root	vm-rust/src/director/lingo/decompiler/enums.rs	7c55922809defdc24fa0b6e062464972af251b5bbae1e295d39c1544ae09ecc3
root	vm-rust/src/director/lingo/decompiler/handler.rs	7acd12489c9efabccb576ee7faf3c4ce20dc28edcbb5a18e183918fe58ce72b9
root	vm-rust/src/director/lingo/decompiler/mod.rs	2fb2a7c5b23baf0cb753e1b7341da555cd39487fa35145ca4976a7fdb56e5135
root	vm-rust/src/director/lingo/decompiler/tokenizer.rs	fee8b38a6335f45a29f19aadba8d3cf34ed3e99db121a6abbce180dd2b098960
root	vm-rust/src/director/lingo/mod.rs	2959251acb0f8dd14ce4e674673463bd6e83ffdc6d9ebdbafe94de1a479b696e
root	vm-rust/src/director/lingo/opcode.rs	2cef2636044948e118a7ce95e37f04141d41c9c609dcef5b78c7a5f1a5931af4
root	vm-rust/src/director/lingo/script.rs	5ca85f8072e35ddc2996fb5dc9f0e3c3be45cf9de789463e578cd64800db6e46
root	vm-rust/src/director/media/mod.rs	96c0a4a575d02df777b252620edba546a8420e77ebe15c27f88da161fdbf6583
root	vm-rust/src/director/media/reader.rs	caafcbea4e525175a49090d5d7d2f3ef2b965c4f5aebefe4f8a7280964a76752
root	vm-rust/src/director/media/writer.rs	08c6bbde6a096b80f20987bb7c215d151b51e67cbe4d4ec373c212586e3dfa4b
root	vm-rust/src/director/mod.rs	0d57eb90ddc9ade75e243cc1bde6722869ea21e7ad56b7b8424742bff30b6665
root	vm-rust/src/director/rifx.rs	520b76263e8f79c07e72159da3f6c1d0fc699f9dccd39c11930b81097dadcfd2
root	vm-rust/src/director/static_datum.rs	71ea770325172b9ef44e841f7b04759d7dc756392f83cbca05d2abc32d3d153a
root	vm-rust/src/director/utils.rs	25f55254f969e12b33e80cd666b96e648a5aece4f0976d3b6ee18a91bcd04104
root	vm-rust/src/io/encoding.rs	3b2f842f615485bdf1ae281f507b7d58c9b69633565243e941d1804dd5a71497
root	vm-rust/src/io/list_readers.rs	2bab421049719c12556eb5472887a51958dfa25d1a6cd9db52643d2d778a9654
root	vm-rust/src/io/mod.rs	8790399cb598d97adf4369c594901d2d7e861edea4843b06e5b9414f46f8132e
root	vm-rust/src/io/reader.rs	269a5a3c5d901b46944243b323470aa26f529802c46a4b5bb149e97135118502
root	vm-rust/src/js_api.rs	df2030d8d42358724a2de658de042820729f05b4e666a733ff1b2c2ddbf9c13d
root	vm-rust/src/lib.rs	47a650c91d10eed8bdf084e24f4722f59c1a8eda6eaa44e8fe95f19d8ec5ca84
root	vm-rust/src/player/allocator.rs	78443c489075f9de09a07869a9524663813e79ffd8ca6892ebcc4d94ff7a0dad
root	vm-rust/src/player/bitmap/bitmap.rs	9eb43f66a834701a4fa6d4d4cc073be7be9ad86f08e515f0a218b80a5d3ffa48
root	vm-rust/src/player/bitmap/builtin_tiles.rs	579042c229956b6d51322ce0b5e2948a99b60696e505d6b6fe1eeb52831a0212
root	vm-rust/src/player/bitmap/drawing.rs	7306dcaf538a0f6f3b555cac539bdd2c39ca4a3e76799bb146929a674ee9b0f7
root	vm-rust/src/player/bitmap/manager.rs	a7e585ed9ebc0f2e4c85bb886f9217b439dab68f5372b602b52bcc58e08b3720
root	vm-rust/src/player/bitmap/mask.rs	7d5a133eb4703be69c226f46a67e2119a050a3f808e81d14a174182cdb0d4d37
root	vm-rust/src/player/bitmap/mod.rs	9aacfd6a4a2d6939517d0cb2342767603cf3d4293703366823aa81d664578b6c
root	vm-rust/src/player/bitmap/palette.rs	f0a622eea8966892c97bcd63243160bcae0a5564821afae53a24b1efb5b4e5dd
root	vm-rust/src/player/bitmap/palette_map.rs	cdd0827fd96d45634293a7064d81b53aa0e4ed4acb4cf7b92e8fde86ca3302f1
root	vm-rust/src/player/bitmap/quickdraw_patterns.rs	0525fcde7924a0c76934fe3af128fb237ba0e6e1c8e41bbadd622799742241cf
root	vm-rust/src/player/bytecode/arithmetics.rs	a14bb8352600ee4c0fe8049a29ab9d520be25a4588ad8c6904306b6d2b81156a
root	vm-rust/src/player/bytecode/compare.rs	af1690e928f185168c7c3d0300f7ad01c23a54d6f97c67d7bf9a46d80e45438d
root	vm-rust/src/player/bytecode/expression_tracker.rs	7b5d98d64d2619d1991f8e5e170103bcf1f030ca06a598b5adce91957a805e61
root	vm-rust/src/player/bytecode/flow_control.rs	4f054bd78672f6ad74547a91280c6229d1ee0807e3e47fb132d717bcb8559a8f
root	vm-rust/src/player/bytecode/get_set.rs	707e2223e73c3e5e31683227cb440313451a7f3cafd062c0bb2c4cc3d64e677d
root	vm-rust/src/player/bytecode/handler_manager.rs	a5cac5a06f6c401871b04abbc39f558948766387c8dc8c33a95c538816774924
root	vm-rust/src/player/bytecode/mod.rs	d0a07e548130945ae0688a303cad333cc9e5e19351ebcaed00d5d410f0b7a151
root	vm-rust/src/player/bytecode/sprite_compare.rs	0e123e6dab2e341ba87e3ac06f3d424f5f41b7a0db10755f0dc6eb80d33af623
root	vm-rust/src/player/bytecode/stack.rs	b04a8670dc781c1524733904784375f505b4f78a678cfc624ac4dc968c7cfec9
root	vm-rust/src/player/bytecode/string.rs	27bbbf938890f988b0a14a996de3dd45e118835b96635ca806a65cdaada77e07
root	vm-rust/src/player/cast_lib.rs	47caafd003ce51cabbeb86cb6622530963354d1e79f4a2aa346aa508c2c15960
root	vm-rust/src/player/cast_manager.rs	10656d56d45107b49be10cbe30198733c6dc1aaad9b6edc7bdaf27fe4d09a639
root	vm-rust/src/player/cast_member.rs	c53d5421991729229c6a30d0eb78c466d49bfa76273a4bdd3b1782f9cda027c3
root	vm-rust/src/player/ci_string.rs	f8cdf548d4c65ec1214b49c8a54b9758c933956f0ebf021e2616ff9a24b0988f
root	vm-rust/src/player/commands.rs	82cbbdf9c8f5d4fdbed7b5844fd0fc4bd346ab36ea573add6976f50fdda3ae52
root	vm-rust/src/player/compare.rs	6d78907e26949ed81a2ff0c790800719bfe08b190cba9d5923a7625540f79d02
root	vm-rust/src/player/compiled/mod.rs	b5b22e6d71101b0c9dccab3705f34de9302e3d0b01607bfa8ddafd1cd0d11d53
root	vm-rust/src/player/console.rs	e31cad3a5e747224e43c56c1370d9654f7a6fbbb8c5c81c3e2bb5314fc3f24a8
root	vm-rust/src/player/context_vars.rs	7cd92a810150c493294384b1013996875daf53c0c14ef9c0930359f5021db022
root	vm-rust/src/player/datum_formatting.rs	5dd44b07ee85a38af97165e2d4d0e661eb909e5d8bb91e338f2eb8f456bd2c5c
root	vm-rust/src/player/datum_operations.rs	e67c8fd5efc41725df119b9229a2c5d40241880b9f48d779e5ef1246e9babad7
root	vm-rust/src/player/datum_ref.rs	a92484c09dbffa2cdca119da91904f61620429369b25edd4e73f7f4f53eee6cf
root	vm-rust/src/player/debug/mod.rs	d003c4e97cd87781129882bfffb1bee8306edb7e62dad9178fb3d9d4f768d564
root	vm-rust/src/player/driver.rs	1b421dd1377909d4813bebe3edbd9f77a1ee7ff7498540096d01678593125ee2
root	vm-rust/src/player/eval.rs	f9018940ea0a96569f9d6f697ae598e8ce17b03d207ed895f09f1f092609e34e
root	vm-rust/src/player/events.rs	309af6d0bef3e68477a44854d15b3df69e8127b1b788953100e4c83388b68138
root	vm-rust/src/player/font/mod.rs	a6da93935e9f225994533723bf78d25b7e3aacdbde7b3e19b14e8548710fd2eb
root	vm-rust/src/player/geometry.rs	35a294ed54e0294c5409c4fcefd1a65e7765ac18acc96e2bc7490cf9437e97f8
root	vm-rust/src/player/gif.rs	9dc01d5233a2a31311bdd321850b6ee9fa7f1fd9712f00aa636d2026e2c48513
root	vm-rust/src/player/handlers/cast.rs	80b0ed6b05706d9a61196a87b4a184a23415c9317cfed394bbbdae43d93c2fc2
root	vm-rust/src/player/handlers/datum_handlers/bitmap.rs	81b879150cc0138621427eadd66e7aacb148675af7f59f1671ef8111b0a565ad
root	vm-rust/src/player/handlers/datum_handlers/cast_lib.rs	d56cc77757e14c0a66ecd01e9ad4d14c4e028312dac90b19b95c0bd7409db53c
root	vm-rust/src/player/handlers/datum_handlers/cast_member/bitmap.rs	7481f081fc58df47539adeb982bac6e94920a78a193382924fcf5dffc1dd44e6
root	vm-rust/src/player/handlers/datum_handlers/cast_member/button.rs	9bf3cc4428e6a577d82d5195c81d4f76b29cbc6bd01511726476c560a287d9f3
root	vm-rust/src/player/handlers/datum_handlers/cast_member/field.rs	6169a4d58f19e6cea45279747b165e5ba3c34755a6bb44b88369d2523f579472
root	vm-rust/src/player/handlers/datum_handlers/cast_member/film_loop.rs	04c52912e060da4c56ccea1f9a4e1aa61fa7e03f807f2f35d80f419f7cea5380
root	vm-rust/src/player/handlers/datum_handlers/cast_member/font.rs	e0e9a7753b1cb020f2e97a071e4f26b66be7eb92d24b2c4ddaa5bf69599b158f
root	vm-rust/src/player/handlers/datum_handlers/cast_member/havok.rs	fae5aa526b097b0b44a2c1dbe89b4e65b4a4bd2c2c7b7f1658cd3c5f5ef9ed3d
root	vm-rust/src/player/handlers/datum_handlers/cast_member/havok_physics.rs	1443d7501bcacf2e46052486eb717df43f8516ff30f5c51d707039920fe3b743
root	vm-rust/src/player/handlers/datum_handlers/cast_member/hke_parser.rs	c1edfd7925d2035fc4c1913a1e820656924abf387ca4c43a198116eab5224358
root	vm-rust/src/player/handlers/datum_handlers/cast_member/mod.rs	57b65a82bd1805e1c8751c0db361bb2a7df70d4b7b7b7531c96cb43973237046
root	vm-rust/src/player/handlers/datum_handlers/cast_member/palette.rs	105ad77524a1457173a2d2aabdcdecad5a0fdb24a82e3ded08394b51455c50ab
root	vm-rust/src/player/handlers/datum_handlers/cast_member/physx.rs	f2e2122f95e6c6a5d5c2bbd44634c114d084eb9fdafe118db906501475521b2b
root	vm-rust/src/player/handlers/datum_handlers/cast_member/physx_engine.rs	a372a176ca4f78cb1703b89d26bac7d3857a70a0d1b25c8f2e23483671726bfd
root	vm-rust/src/player/handlers/datum_handlers/cast_member/physx_gu.rs	ae5a23ee5d58903a618778a4b6b548b9ee23944eb134309623fbea6e4ffc15ea
root	vm-rust/src/player/handlers/datum_handlers/cast_member/physx_gu_capsule_box.rs	9160c89b82e3c4ad35de993b1ca39b8c009d27bcc9b9cc3f9e918f08af078267
root	vm-rust/src/player/handlers/datum_handlers/cast_member/physx_gu_convex.rs	db1d86ce40d910c6710d1785d3529c0b154fafd027272736d66eda2f399ed490
root	vm-rust/src/player/handlers/datum_handlers/cast_member/physx_gu_heightfield.rs	0331dba21c2e9c952b44f486cd1d0e8cd5e065db1d90219df5d9340877693e41
root	vm-rust/src/player/handlers/datum_handlers/cast_member/physx_gu_mesh.rs	f857225eb021702fb96cd9a5aa5c1ba8a9a8d2d58b8b2e9da3146961b9b538ad
root	vm-rust/src/player/handlers/datum_handlers/cast_member/physx_gu_raycast.rs	7912f9327f669f712b0c263c9c825390787c8a501040108f79b6936c59b4a8c3
root	vm-rust/src/player/handlers/datum_handlers/cast_member/physx_gu_rtree.rs	b0030f55bc6319341e5e26a8a42594ad0df09b4ea9b03794a94809dd2b158c57
root	vm-rust/src/player/handlers/datum_handlers/cast_member/physx_helpers.rs	a6599c3da87c706b7a194f011523f3561025dc7a0ad5739dfbf3c746ea810777
root	vm-rust/src/player/handlers/datum_handlers/cast_member/physx_native.rs	451a454c38fca20387c67a2a808b1f91a3231fb8c75e51405791d2aba54aaba1
root	vm-rust/src/player/handlers/datum_handlers/cast_member/physx_soa_solver.rs	3046f387cc2f1799e4a00b2c75bc5f9d38ce6cc743c84be71259840c42d0ef32
root	vm-rust/src/player/handlers/datum_handlers/cast_member/shockwave3d.rs	c01827c689a99bd4c2f864ab76f6086982f8d1d2ac98f9929e5a829a7da2ce46
root	vm-rust/src/player/handlers/datum_handlers/cast_member/sound.rs	b1e3616858ca7a9986df8310176a00a5d4c8f90f005ffdf9b0a449b5dd6bb9b3
root	vm-rust/src/player/handlers/datum_handlers/cast_member/text.rs	5d7a42b89d9f484a7a6606010cb85a93b062caab8b7731a7c8493b472363a964
root	vm-rust/src/player/handlers/datum_handlers/cast_member/vector_shape.rs	bdfdaa96537e65bf7cd85da27763e5e4aca702daaee84356b77a6e82f5467f05
root	vm-rust/src/player/handlers/datum_handlers/cast_member_ref.rs	1cdee9c34978181aafbbab1f2643d5d9b6f4832729979defbacfa5117b674290
root	vm-rust/src/player/handlers/datum_handlers/color.rs	e28d057c3ff2560f1c3f059b3fd83231c566bc0467aa85c0c7b9f206ce584ed6
root	vm-rust/src/player/handlers/datum_handlers/date.rs	da4dafe73dc4048e740b29590a181f7bd259e7d84c974f63f02bde155e425091
root	vm-rust/src/player/handlers/datum_handlers/flash_object.rs	59549e6c267ad714502d8093c1b6b1e80738473c784b8b32fe7741d666f3e36d
root	vm-rust/src/player/handlers/datum_handlers/float.rs	feb99c846e640992cb9127d285ba23b16492b302f0e36a8bb21c3814b166d84e
root	vm-rust/src/player/handlers/datum_handlers/havok_object.rs	c1e10d62b4d82ce31963ed9a7a96213e459cd56092f9674e5db97c66b8b7b2db
root	vm-rust/src/player/handlers/datum_handlers/int.rs	f72b5884c0a572fecdf7c481000eb056c89bf4083e9cd372f8974985ce95d72a
root	vm-rust/src/player/handlers/datum_handlers/js_object.rs	2aea255dcc1973b05e7449190c5216e36bafb3ba93f84accf6ca185e59d6924a
root	vm-rust/src/player/handlers/datum_handlers/list_handlers.rs	39507326ede6436d2a766272ecc7074efa0c8cf09ba6cc4658d11a92465954cc
root	vm-rust/src/player/handlers/datum_handlers/math.rs	73db0562eddcc1d353004254282ad2504e20e376ccdd48090b0dbc6c2f308968
root	vm-rust/src/player/handlers/datum_handlers/mod.rs	739cf68d5cde0a0314afd7d3ea31f3129f5bd897c92089e192746f54d28510c1
root	vm-rust/src/player/handlers/datum_handlers/physx_object.rs	790c37ba9cde44311c172b11a9d958b4f5cf4330e6439311f71196006b494ae6
root	vm-rust/src/player/handlers/datum_handlers/player.rs	323023dc274076b5ee58244fce7fa0fc46b6f2a9db6d7c5c4be538981a8121a6
root	vm-rust/src/player/handlers/datum_handlers/point.rs	56236c341d4154e6ac3550c64b408ff61312e3b9f9b7fe81cead8d849706d5ef
root	vm-rust/src/player/handlers/datum_handlers/prop_list.rs	a3715e900fd21bea208a39db6caa88d259ce0b7bedacf23fd3bbd7f988037506
root	vm-rust/src/player/handlers/datum_handlers/rect.rs	1aefa018633608e29e6f959db900426fbf1d5cecf07df50165aaff5df1c2aeb6
root	vm-rust/src/player/handlers/datum_handlers/script.rs	d93120d9c8ba3102c257b341433c4c0f797f1199c1b7b59fbc0c98223b592c88
root	vm-rust/src/player/handlers/datum_handlers/script_instance.rs	4f5efa2fe56e0e57f5d472138a183928feb20f82c85e31d4b4081c67859360c4
root	vm-rust/src/player/handlers/datum_handlers/shockwave3d_object.rs	f7e9fda97949175695954fd7ac14fae38b72fbd2c069708fae0216381af0ce57
root	vm-rust/src/player/handlers/datum_handlers/sound_channel.rs	be8214dc75e495f0b9f6236443ae3e5a723228c86dad7e1973ce3c3c41993659
root	vm-rust/src/player/handlers/datum_handlers/sprite.rs	edf57c91481fbd835791c10bcd100f07c57cb51102c82517e02fdadaadf50c6f
root	vm-rust/src/player/handlers/datum_handlers/string.rs	2dcd1b9a40a0d3295cf2bb1bb26ed88024b4c2654614d2f8048c172b4220ba4e
root	vm-rust/src/player/handlers/datum_handlers/string_chunk.rs	e0f065f96a14d54050509b812c2027eec2f9ae7104e318d9fddf216509a5a322
root	vm-rust/src/player/handlers/datum_handlers/symbol.rs	f3fc3edb09212972400ffae4b5398ce08a3faa3451344aa1ccbfb548fb4ca564
root	vm-rust/src/player/handlers/datum_handlers/timeout.rs	6f39bc62ef309cce47381e4a07f058e6e3751b20ac7e1d867daba11480633df4
root	vm-rust/src/player/handlers/datum_handlers/transform3d.rs	5d0265bd94dfe0b3fe71e5c47c1fedaf3df878826eeb3aebd6e47472181e3ae9
root	vm-rust/src/player/handlers/datum_handlers/vector.rs	f47c29b4e05a8a0f63910ed13528f6fda51f8913ca0406a6f49813a81f0ed3e1
root	vm-rust/src/player/handlers/datum_handlers/void.rs	8440a2cd7cfd1fb7d2ea69224a981fcd624f5bd444ede558038cf3de3bba8612
root	vm-rust/src/player/handlers/datum_handlers/xml.rs	75460ae8be6daa34ff257b0c9e30a4da3757fcb0fcaffdc6112fd5b827ad5e66
root	vm-rust/src/player/handlers/manager.rs	a043c9e4f0556dbb8c3779680848ac513d460ffd79a57c18db062869b4fd1a5e
root	vm-rust/src/player/handlers/mod.rs	5037d6a669a5d6661b6b2d97bfb27f2de75143c4dcb9465951f4255bebc68553
root	vm-rust/src/player/handlers/movie.rs	8df9ba1e0d696589c776d0015beeb39775290e9031a1f9227058aa96ac349c0c
root	vm-rust/src/player/handlers/net.rs	0551e092f61992901c250209ca0546142915adec222a3fe6c2e129b656a372ed
root	vm-rust/src/player/handlers/string.rs	30717c5616d3a046c72d54b063734bba215cd9ca9bbcd003ac6bb981dbcab5db
root	vm-rust/src/player/handlers/types.rs	b987f6d0c6fabdd6b793367e950213177b2b1714f6bc5b14b631db8b4607d59e
root	vm-rust/src/player/interp_stats.rs	43d65689823cfcbe706dac80c7c12f83cdc8463272f0561860c0db3a48b376d1
root	vm-rust/src/player/js_lingo/builtins.rs	452911e38fccfe6c1fa0dce91173ebb3a9c9170993c0aae93b6304de3c8a5305
root	vm-rust/src/player/js_lingo/decompiler.rs	b7f912160445f888924267dd9fa052d369b60cad7544b82800f3249acf7d4e4e
root	vm-rust/src/player/js_lingo/disasm.rs	fd5d43470adde26908e8959cf6a6173f722df316846338fd21c0f279272a4750
root	vm-rust/src/player/js_lingo/host_bridge.rs	a727bb51d77e795c1feb3c74e2278122bad7e3dd9f86afd69d1cd2efe2735add
root	vm-rust/src/player/js_lingo/interp_tests.rs	720d9313f722b09d4d546324a24638f5bba8bc05a4ac9d0dd2ebe561597bb7ea
root	vm-rust/src/player/js_lingo/interpreter.rs	4a14f7cb5ca174640d937e4a9c96fe42e099780429fc0d85c083c09a606e6e11
root	vm-rust/src/player/js_lingo/mod.rs	91acc6b2842264f3f8e3ecfc9a31fd2b8e10741aa1173a9e14b15aa9ef084b51
root	vm-rust/src/player/js_lingo/opcodes.rs	426649a7d47c3b078f7d8deed5aae05f7cfdae0f0bbb70361fcaec9c62c54e49
root	vm-rust/src/player/js_lingo/test_fixtures.rs	bc072094e4c3fecd25cb242db0d02be0e5564fadb0a81cdabe29d41c2b50fb43
root	vm-rust/src/player/js_lingo/tests.rs	d3b3707205c225f83a6113090af403d19d90c392d1b873166afa39f7687ab0de
root	vm-rust/src/player/js_lingo/value.rs	fc62629af403edd743c07a470b7988c19c8408a58a3df28a55b6fbac013a02a9
root	vm-rust/src/player/js_lingo/variable_length.rs	c5c5f7b382a8eb57d701227de20a940ff7efb832966f7f1ab2ee3437196a54bb
root	vm-rust/src/player/js_lingo/xdr.rs	cb14294ac849e75dd113f3ac91d04e83438d29fb67f0825676cc88eff1173756
root	vm-rust/src/player/js_lingo_loader.rs	3dac9dcea71c6070ad3f6e85b25b2b939bff1c131f73144c24060e61dbbe4afb
root	vm-rust/src/player/keyboard.rs	83348119bf27a2a1f9420be4c3ff5bf740cb83311183caac9c0fcd472a6ec0fb
root	vm-rust/src/player/keyboard_events.rs	85bef05f21a2c3af70ef15f9c95f4e6830dbda8192dd09b17770e4f5fd7bb85a
root	vm-rust/src/player/keyboard_map.rs	74271cfe464f4a25c33f5069c40a7cc4543deabd8af536dc50a6e27942bf4221
root	vm-rust/src/player/mcp.rs	bfaf0bdfea6dd75d64e011bb1df8ca22b3d53f5200aa48bc236378437a4e2c16
root	vm-rust/src/player/mod.rs	7ef33739bf2a9b5cfc4487e493c7a9cca137730e7ddd9d7ec5cb54002010b5ca
root	vm-rust/src/player/movie.rs	3b7e5fddfded0a855f5c0415448dcc65e9d43919ff85705d1e383183efdd13e2
root	vm-rust/src/player/nested.rs	0f80bd9f80ca20e3632127e64b3887b485f73bf966630e2af42f1f1306cd791c
root	vm-rust/src/player/net_manager.rs	d7c5cf607a43111bdb34e6af85320d156ee77c17aef9087eeff60a44c332e124
root	vm-rust/src/player/net_task.rs	df0a65938c2bb8af49c254109b2a9343692149034003353b21f26b1b8ce49a34
root	vm-rust/src/player/ownership.rs	e69f931c7c511c9ca7999e96bf66c256412b172fdbe862793174076a54806729
root	vm-rust/src/player/profiling.rs	aae27f0418add975a4260ad8531a1af2dd6e6f4e915af98cd8e1c109a9981ad3
root	vm-rust/src/player/scope.rs	381ed8695893be94f5115e2237dc06d654eb0265ad60ca49cf4a89f604213e4f
root	vm-rust/src/player/score.rs	20f53ce7aeefd4a09e6ba31e3b96841ab6fc8632cd9b5bcc106118002ce45f05
root	vm-rust/src/player/score_keyframes.rs	2f8b9225b410ec893bb13725e1c2e1708126f11bea69004962c997b1c8b1a036
root	vm-rust/src/player/script.rs	359953b1b47f2efa6e27048a547a856e9da9aedf09809ca04c31ea8123314ba3
root	vm-rust/src/player/script_ref.rs	e61ef0486310cf8fc1d0e69a7279c156bbe9be688b8b354409249a70a9b292cd
root	vm-rust/src/player/session.rs	0aba4291f740d5847f6ea2d04dd6ba5be53ec9be750b60fa405958bce189b615
root	vm-rust/src/player/session_callback_tests.rs	ebc7fc3e80e9acf74226058061b6653c9b047b62bb1322f80d6767a0d16de27d
root	vm-rust/src/player/sprite.rs	ee23146482c2f71e922831aea317f1158ebdaa164a51e3e57a763c6eacb6a245
root	vm-rust/src/player/stage.rs	7adf6b718f7ed414bed65c164d52ce3f0620b441f88fabb9b32cfc273422e007
root	vm-rust/src/player/stream_status.rs	3be92bd72f63b85c6cae48b94dd66a8ef2571256f95f1d90eb16b500f6adf61a
root	vm-rust/src/player/symbols/builtin.rs	cb4b60fa174238ca2b637afe6006f34de9618e74bc7e629744d1be293ec8f3cc
root	vm-rust/src/player/symbols/mod.rs	97292b8b17058273dbaaca733ba2f62804f2cb93ea07f7e51d7c37725aab2757
root	vm-rust/src/player/symbols/symbol.rs	1d19040cbb10aff7bf6b38e478d1d2723d4f87dd48a902394f5faf43a0541a88
root	vm-rust/src/player/symbols/symbol_table.rs	222b24b4df6f8bb0dc159411797f0e4b2dbf78bab20386b9d83a9941af6af441
root	vm-rust/src/player/testing.rs	58b412932af8fb838c30deac3d2cb37d9a4ff1b0376995bc43da874b4d85e149
root	vm-rust/src/player/testing_browser.rs	3776f046c2db56410798c7892809f2333c44e441d785e86e2caa6af590b0bf3e
root	vm-rust/src/player/testing_shared/conditions.rs	ba303389be6e99f0e1e5503858dd6ae9fa0df22f5f7408881b8560a108340689
root	vm-rust/src/player/testing_shared/config.rs	3984b383124dd6e04f6ac0bc9863c41f1abbf447a217b6c4c6a4a749c3d06127
root	vm-rust/src/player/testing_shared/mod.rs	e160fca7a66968e34141fa11c2191216e9206d9f63fb02eca07b602037015c95
root	vm-rust/src/player/testing_shared/snapshots.rs	5bac3c97ac759fa03b165121b8bc5601cd0a7e02ab726140b0a3dc9faa5e8cbd
root	vm-rust/src/player/timeout.rs	9131a5c18f4360169ba569ed34d8a9a6990e7ec2522c43c7a89b33974e4972fb
root	vm-rust/src/player/virtual_scripts/javascript_proxy.rs	6691f030c36f8fa70538452c69454f3761a18625994fda181656d6d72d4aaf3c
root	vm-rust/src/player/virtual_scripts/mod.rs	3e5f6a6ba34fddf19913c8739c0ad69d45d3979ac274be54655f97784e68ed72
root	vm-rust/src/player/xtra/budapi/mod.rs	fa5b12b03d60a6d37d11f1323ba5a8f81c00b8f6383dc2aaa32edd933cfcca6e
root	vm-rust/src/player/xtra/curl/mod.rs	cd03eae98caec4f219ffdaae6f011fae975f0385f11d7a333ee61a07466bad99
root	vm-rust/src/player/xtra/external.rs	752769638f5286f4884f4c295b32d82c166d1faa5e12bea182b6e2bdc6cca9aa
root	vm-rust/src/player/xtra/fileio/mod.rs	1ab1b87d863e12d36850a8088dca8d3eff98fff26aba867896997ccafb704b3f
root	vm-rust/src/player/xtra/leechprotection/mod.rs	aac0ff95b2e92860d9a6890289bde6a3ebf7b32d3be56324f2b25e3abab297e0
root	vm-rust/src/player/xtra/manager.rs	0faceb8ae37c307d63845d5ac0da69d313ea0d6830e5a89a229884b7f88a850b
root	vm-rust/src/player/xtra/mod.rs	c5a7ccac03eb13a44e6a6fae7b4a72fde5202c5a173dbdfacc5c2eea574178b9
root	vm-rust/src/player/xtra/multiuser/blowfish.rs	f30848851454d7e92221f36455b838e4b1ee3cbdbf460e124fa9744438c1156d
root	vm-rust/src/player/xtra/multiuser/mod.rs	715673467ea4250bb83bccb20e6bba273ad17b236397abff749174444bedf72c
root	vm-rust/src/player/xtra/multiuser/reader.rs	8ac575c5cbc437836cb0000ad0badb361e88c933b971b3a8ad4865c0ef8711d6
root	vm-rust/src/player/xtra/multiuser/types.rs	34ab7552c2cc2c7b94c9264a5279995c6e0b2b1be0b66bc4e16224fe715c7d09
root	vm-rust/src/player/xtra/multiuser/writer.rs	8625ea4713bdda892ef2181f5de99f9eac6fb298d93ba411a85a11464f99b84a
root	vm-rust/src/player/xtra/openurl/mod.rs	d46258cc79a5d92894efae1e1b5eec6dea76099fe8212006224e73f47891a32e
root	vm-rust/src/player/xtra/scene3d.rs	bfef8f4406e44215d6a46611f3c704b31a2401297d47204a5163bed4dd38cc42
root	vm-rust/src/player/xtra/sysmenu/mod.rs	f9ffa6cf37a8b6cf37a869a708ea5904ff668e5beb7b12ac1085625acc09a036
root	vm-rust/src/player/xtra/xmlparser/mod.rs	7ef6307c0e6ffd5d9b63929857b2286793605d2f254d0157103c4c4f4d38fe7a
root	vm-rust/src/rendering.rs	6499eec71a5aea5f196bd5d95e0d3afe103d3a84c0715ed8d80e1614bbd3bb82
root	vm-rust/src/rendering_gpu/mod.rs	6ab30a111b598f91689531f6786e52cdf9888f769a224ccc079cebc88f3a2185
root	vm-rust/src/rendering_gpu/webgl2/context.rs	f49e2b5ce3dde4bd19731ba64b531cb1293276aa950f5af33cca0ad184dc9bc1
root	vm-rust/src/rendering_gpu/webgl2/geometry.rs	703c019588180fdf6d4ede3dcc3d71bfba8a3ba1329cbb3a885a2cc412f114ac
root	vm-rust/src/rendering_gpu/webgl2/mesh3d.rs	4363e7a22f01f37fc6cf010943d07ac090084b1ef270fda12f407f87747811c8
root	vm-rust/src/rendering_gpu/webgl2/mod.rs	fef19199a4a7802d98f37f5d345be47f2e77cb13f283067c3dd6e321ae6f503e
root	vm-rust/src/rendering_gpu/webgl2/scene3d.rs	4aa77af15810c8d5335f0c04a3b81acd61a6da4d7e45647d908b485b08a926e5
root	vm-rust/src/rendering_gpu/webgl2/shaders.rs	6cd34d2fba4e54f9a1572407642f8ee14f0f366fd6a837b2c846a5fa7cc40d78
root	vm-rust/src/rendering_gpu/webgl2/texture_cache.rs	011644549a027f2172c2467a928e494b0d25439a1b27ad6b348022c152933584
root	vm-rust/src/rendering_gpu/webgl2/xtra_scene.rs	56bef53d4c76eee18eea012dd89b84bd65855f0c7f07e93cefaaf2d6bb075922
root	vm-rust/src/utils.rs	ca1f084d02e92a8ca067fb76923b7d688aa8bfbe0f74accf5155517dce167be0
root	vm-rust/tests/browser/e2e.spec.ts	a3373032b0272f03577cb05ee4d6dedb1b8c1ded391735135e5cf078d0fab099
root	vm-rust/tests/browser/multiuser-server.mjs	bc803a77e90ba47252406333c884e9180efc0c4b20bfc79b2d6f1dd255bb7ea6
root	vm-rust/tests/browser_templates/dirplayer-js-api.js	6193f637fa30fda20ad93e1785fed59eb0469cf39d95f37d55ab470e8750f78e
root	vm-rust/tests/browser_templates/index.template.html	24b3b5a9664b87d318141defe798d7d209967b44dee5bfe755b41b9f07092bf8
root	vm-rust/tests/e2e/coca_cola/furnifactory.rs	9936e09999a9540e39790d6b75911dac4c756227aa3205833a77f889f405575e
root	vm-rust/tests/e2e/coca_cola/mod.rs	5dd007c8dd55022f8ee3cb2fedb71b5dc9c36043ee30b8cb6cd4991ce4da291e
root	vm-rust/tests/e2e/configs/cc-furnifactory.toml	829da15f980a6b084efefd71c5d69d0d1c4f6db44b64f4773ad577f730950efc
root	vm-rust/tests/e2e/configs/dpt_shapes.toml	be1e24160de81a3bab39af680c91bb3ef6eb6368946a44c3c16520f30d5c64e7
root	vm-rust/tests/e2e/configs/gorillaz_finaldrive.toml	485a4b5d1a19db45da1df4fb906556121d7a790a6ab38896273ba6dfc9d5fa11
root	vm-rust/tests/e2e/configs/hd_properties.toml	a4c056b4b887a844ea2b2bdc500927116ff226abe91bb0e8956c72d13cc57228
root	vm-rust/tests/e2e/configs/hotwheels_figure8.toml	48435929675008bcf8175f87a763eb12d7a5585460f616fae8b5234448c0d97a
root	vm-rust/tests/e2e/configs/hotwheels_rw_flag.toml	2a799cc7fbd2c42e3bf7d3fe27764b83f7a5499e4010fde967ddf3739b60e105
root	vm-rust/tests/e2e/configs/intel_3d_text.toml	dc7df878075bab58d4d2bc84b5c87290827c07ff19f4f6d16bc2fa7882ea10ef
root	vm-rust/tests/e2e/configs/intel_bottle_rocket.toml	714bac966ea5e9c9093d67e29ef43f3373e2af4555c0878f0c80305b346b1e16
root	vm-rust/tests/e2e/configs/intel_box_pusher.toml	479ba72ab70740dd8f248ff5492a5f4572327d739d329ff2d7e1f252cfa43f27
root	vm-rust/tests/e2e/configs/intel_do_not_push.toml	0f8035702107939d99954820a5f618aa9d4466d8d7ca9f1ed7b91542294ad661
root	vm-rust/tests/e2e/configs/intel_dummy.toml	b6aa345f364d6b19513549d09e1bef8a92548114aaa53623a2eb313988e3058d
root	vm-rust/tests/e2e/configs/intel_faucet.toml	32006325cce5f0d8aeb9faa6eecb74d49e6d4273545302c07a47258b1014073f
root	vm-rust/tests/e2e/configs/intel_mrm_lod.toml	9c66b73d02a0829400958514ee4c25e829e66e0090f4ca259c085063fdef0d9f
root	vm-rust/tests/e2e/configs/intel_sub_div_surfaces.toml	4d8184dbe77036700a2f40b6785537c9e9d5fdf8cdab552a14cceb07f97cfca6
root	vm-rust/tests/e2e/configs/lego_junkbot_v1.toml	52e14507eac1409afc486d67bdf0e5b184b4c47128ad33aa8d1629cf414e88bc
root	vm-rust/tests/e2e/configs/lego_junkbot_v2.toml	2483d0c6695a832b589077b6075655df7f16fabfac4aee235aeb6851e473b98e
root	vm-rust/tests/e2e/configs/lego_roboriders_dust.toml	cfeb00857d330694780048b987730e914f5b9b4d81c075fec9c37d90b01c9264
root	vm-rust/tests/e2e/configs/lego_roboriders_frost.toml	8129e28d958d11533d8861dd5ace56633d0c79a3ff7ddd136224ec20d40a69d1
root	vm-rust/tests/e2e/configs/lego_roboriders_lava.toml	857612e970838aacbe2565d87c24af2f1ff6155c2ab3adfff278a8a1c6a3bea9
root	vm-rust/tests/e2e/configs/lego_roboriders_onyx.toml	da9740c1a6f65996be6a30099892b3b3ee785d1310c0dde6cdaf91a3a5250437
root	vm-rust/tests/e2e/configs/lego_roboriders_swamp.toml	43dac4876c04459d4f338a73a84088a2f4470cfb6bd21381ee027ac45f11a01b
root	vm-rust/tests/e2e/configs/lego_supersonic.toml	bea178be6284047a69ca501dc0c3da92fd0ee212f552c570a599912cf79050d3
root	vm-rust/tests/e2e/configs/lego_worldbuilder_v1.toml	ae9b9938753832f4cafc192ffc32b06e5715f75fdac9df59ee7a796aa51aace8
root	vm-rust/tests/e2e/configs/lego_worldbuilder_v2.toml	04e5202e04f1c643359a413a00c24b7eba56015a91764e34d33fb10429e6474f
root	vm-rust/tests/e2e/configs/misc_15_love.toml	4dcc9291439d9e85dfc34a9bb72e970b88ac48bdd68fb3f94d1bb89949699deb
root	vm-rust/tests/e2e/configs/misc_blackstreet_pinball.toml	b445d043c2d4c938e9f956367ab27d0520830fab09f8bcf476202c45bce33d0d
root	vm-rust/tests/e2e/configs/misc_infestation.toml	c0ff58dcf5accec314d2886d967b3ea647f61d7c0a2104b99e75caf96cc1137a
root	vm-rust/tests/e2e/configs/misc_johnny.toml	82694d47589ee95a014561dbea7a415fb2f10254cc907a87fb3119178d38acc0
root	vm-rust/tests/e2e/configs/misc_pandapang.toml	a729720c25ec2152550e319b97d61b23b822fd1375b29d132aba0b0a896e68dd
root	vm-rust/tests/e2e/configs/misc_xfiles.toml	59cd8deba60cdde93073b2662340856af75882144163888c108ebe80ee30a7c3
root	vm-rust/tests/e2e/configs/nintendo_fish.toml	92dbf0f8046db36d5951310d031cd3e6378a68a85370f6ca795846dd86f778d9
root	vm-rust/tests/e2e/configs/nintendo_game_donkeykonk.toml	5868e22a40fa912f6f46b0540e61d222324d08eb6463532504a6da061241dde8
root	vm-rust/tests/e2e/configs/nintendo_kremling.toml	6cacfdd2d22e5f2df85fa7f91682a91cd49fa6ba9a262bdc6a7bb714b0d5397f
root	vm-rust/tests/e2e/configs/nintendo_lore.toml	397e38039fd505b076b1c4c8347c49c98de7cb0066ae788f4c1b7d26a9d89235
root	vm-rust/tests/e2e/configs/nintendo_mario7.toml	643f07f2dcbd81cbc81ad64fb9bbe643d9c23db298c7de9447f7b6b27f7a56d9
root	vm-rust/tests/e2e/configs/nintendo_mello.toml	69b9d047da784aee47959d06500004dd26dd632a0f5087f04b69960768e742f1
root	vm-rust/tests/e2e/configs/nintendo_melon.toml	665c305d9e8fbcb3a638fa2b775e10386b6073ba6613cd521c4f5a5ad59076b6
root	vm-rust/tests/e2e/configs/nintendo_nomiss.toml	f8ddc423c904bbaefde49d2f45ea271144b78797f591452c1218916970989cb5
root	vm-rust/tests/e2e/configs/nintendo_rakeem.toml	ff74b909e8286b7ef42ce4075a3f6b0324f5a7ddfe9a27d4f797b589f9326847
root	vm-rust/tests/e2e/configs/nintendo_rinky.toml	6a90f9a56d1274654f0fe8c66d28912e51b4ef6c0aed5e9ff78bdf8dddfa1c9a
root	vm-rust/tests/e2e/configs/nintendo_rollcall.toml	60b2803d482b122788d0dd67cb3390446f65a53aa08e0826376298a0069662a0
root	vm-rust/tests/e2e/configs/sulake_habbo_v1.toml	8184aff8db5a3fadaf24cbf31a00757000a8fd5369ae6f83839d7c8d34b0689e
root	vm-rust/tests/e2e/configs/sulake_habbo_v26.toml	337abbc7b91332258d06dae1d1aae70aba1d35638d7c5a30e930c96366d33667
root	vm-rust/tests/e2e/configs/sulake_habbo_v31.toml	81a1bd0d867c34ce24039e5938d3eac9c7d30eb76eb5f2b418282cf47a27d455
root	vm-rust/tests/e2e/configs/sulake_habbo_v7.toml	2bf2c097651b957d42266a58c218bba3907184824b196f744f9c6fd6226731a2
root	vm-rust/tests/e2e/configs/sulake_lumisota.toml	bc42245f538767d15d1efd5d8b44b0944ff367d787a7cec8055c070ee360f9a7
root	vm-rust/tests/e2e/configs/sulake_mobiles_disco.toml	dc88924f431374cb9fac19b07334deac7d74969b2871c19b4b2e0eb9afe637d5
root	vm-rust/tests/e2e/dirplayer_test_movies/browser_handle.rs	7c7fb3b8e97a8ae2cbf183bea1353ba4e0da0f4d043496f3dad81a7194623937
root	vm-rust/tests/e2e/dirplayer_test_movies/fileio.rs	64fc36895cf87810794245ffe7103595b05ade360dfd9bebb52a900726d5bfb4
root	vm-rust/tests/e2e/dirplayer_test_movies/mod.rs	28f915da7976a8c9a5d3f089567343b33da787ff3f03913b2fd57ea71056069f
root	vm-rust/tests/e2e/dirplayer_test_movies/multiuser.rs	d88684c435c5449baa0402d5539ff649a74e8c6c4f512d96190ac9f78f186b82
root	vm-rust/tests/e2e/dirplayer_test_movies/nested.rs	f3c61d49641118f28c99c28bf30e6a03542989d2e88437fcd22dd7084c2ca54e
root	vm-rust/tests/e2e/dirplayer_test_movies/shapes.rs	c289785afb736ece0db7cc0ced5ae248938692c7a2afae54a79ecd761c1cf73c
root	vm-rust/tests/e2e/dirplayer_test_movies/sysmenu.rs	6b4f322e15fa2138229bd8bbc60b9e4a7d5ac0854bfcde3dd5df4b7ea771f777
root	vm-rust/tests/e2e/gorillaz/finaldrive.rs	fab25222e037a22c19094f2fac712fd3828a7720a929c3f49c5791fbffc1ca5f
root	vm-rust/tests/e2e/gorillaz/mod.rs	cf509bebaed00ef343bfff1f340cbfc7f67a6bb677b6649c733d6d17c19ce24b
root	vm-rust/tests/e2e/havok_demo/mod.rs	31e82b8e4fa89e6a45e62f70902a3a73e8506b38403a2a5757f6a5f39d23d29d
root	vm-rust/tests/e2e/havok_demo/properties.rs	9b7bdafcaddf2c9679a9d32fac0875fc4090a29ba58cc1374050b4aeeaca730d
root	vm-rust/tests/e2e/hotwheels/figure8.rs	b3c14ae56a045e497e42d6b891519092af74baecf93612c97af9e8ad491a4ff7
root	vm-rust/tests/e2e/hotwheels/mod.rs	547f1716f95e6f33c689523453225159c0a418118da73a50edfc373735bf1198
root	vm-rust/tests/e2e/hotwheels/rw_flag.rs	557b8078d43588e8f629db40d1cee6f0328527cf972e60848d7adddddfd815f1
root	vm-rust/tests/e2e/intel/bottle_rocket.rs	b3344ba12782d921cd218b5e5c7018f383cfe9ede040ff6c4a5f2776ae4d6f48
root	vm-rust/tests/e2e/intel/box_pusher.rs	8755886802101069e95bb4d79ed0858ebd295e96b87487b879d4c10b2d9cf8a8
root	vm-rust/tests/e2e/intel/do_not_push.rs	f1959e7c2f6bf7e5b98d65fdc11e4923e3f308a8a9b812f13b01f4b3b1c28fd7
root	vm-rust/tests/e2e/intel/dummy.rs	8d8f386d4ba5979c4ce9679b2608e08231145dca44b43ef501cbf7c69bfded9f
root	vm-rust/tests/e2e/intel/faucet.rs	3520fbbfe492a22c3806db7cf88a157b79455d80737716d625532e960d512685
root	vm-rust/tests/e2e/intel/mod.rs	7cf98d3d502a8256fe19a8af03e06c3a96ab8ea6b429b3b7d6f8dfdd51337572
root	vm-rust/tests/e2e/intel/mrm_lod.rs	8f924859cb09add17306a3d98ab5642a93f8172d6e2dff378d5a3268dc0b5233
root	vm-rust/tests/e2e/intel/sub_div_surfaces.rs	47dbcd575f345f7ac02fa22ebb4bade0ad58d8bf0a558a0c3b71e5479899fdfc
root	vm-rust/tests/e2e/intel/text_3d.rs	c0157a34c80aad78e14c5eef7687b4eebd650258fdfef958dd2f8da51c2b6957
root	vm-rust/tests/e2e/lego/junkbot_v1.rs	4f8ea7f4be9882e2cea778610d8514e3f3e008b6fc7362c036dd06ca6f00e22d
root	vm-rust/tests/e2e/lego/junkbot_v2.rs	3781c29d5d994941888286088a020bd7a65199f2ac149c0dba779d40697bbf07
root	vm-rust/tests/e2e/lego/mod.rs	80031479597c05a00bd5d2aa2649f45140898f669ef669539ac306ad048e636e
root	vm-rust/tests/e2e/lego/roboriders_dust.rs	aaadf4098a8c003b21137e2caed97a74b7e396cab6a46a599e49050c044a9b64
root	vm-rust/tests/e2e/lego/roboriders_frost.rs	9830d4668fa94b4230c0ae29c98af63d360ea370df7cccdf9c08079dff525b99
root	vm-rust/tests/e2e/lego/roboriders_lava.rs	8059ae7c2ad9a565554d2b82e72739ef8b867f3f1c8f0ced8b9e5f4ab87406e3
root	vm-rust/tests/e2e/lego/roboriders_onyx.rs	abf8ebfc28138ce49603c3ad5350f438d9df533a767796d19f104103e7870c50
root	vm-rust/tests/e2e/lego/roboriders_swamp.rs	d6a1faebc787028bd56a33bd8a4df546d4cab0eeeb6dcf6e754ea51825610b58
root	vm-rust/tests/e2e/lego/supersonic.rs	e41d93c0694cd082989de384e44649df99b526f573bceac21a1cdf102b32a9a8
root	vm-rust/tests/e2e/lego/worldbuilder_v1.rs	2315bb15e73a6edf44a26d15fa018b48329e3dd54c3e1c2702cd1a9e2a5bd02f
root	vm-rust/tests/e2e/lego/worldbuilder_v2.rs	821fd6307856e9df0c0ab6781c788aec5cde6d913948293eb320d8000f76851f
root	vm-rust/tests/e2e/misc/blackstreet_pinball.rs	b26bb519a86e2fd7a57dd2db23f3ab988ec98c09fe8c8abc8cc0a6d6428fc907
root	vm-rust/tests/e2e/misc/fifteen_love.rs	3cca4a61d0d6278e2b947de1eb09f25989de64f9defbb112dc56b50b3d4d2905
root	vm-rust/tests/e2e/misc/infestation.rs	feab9e5d2cf94a43866f13245821dcbf089baabf4b120ca1b15cb7573dbbfdba
root	vm-rust/tests/e2e/misc/johnny.rs	a5e62d9ea666da443b12c8fd85d8b333b62ccc7742c667e3cee75fd1a4a51ae6
root	vm-rust/tests/e2e/misc/mod.rs	f60bb7db5e6f19abdbba3bbe51e0dc07f6e5d54b58a93254403f50480e403dd3
root	vm-rust/tests/e2e/misc/pandapang.rs	b80fbbb870a1adfdce1271861d4f40c113a3eb6c6c59df9fb3d183499154eb4f
root	vm-rust/tests/e2e/misc/xfiles.rs	3136be1ea2b1b5392839a3699d11e19a40e6b3eb1522d85f5f5855dbf6c60be2
root	vm-rust/tests/e2e/mod.rs	7084dddbce1be9b69cdc746bd912772a3f5d46d4560a988c89de976bc0c814fd
root	vm-rust/tests/e2e/nintendo/fish.rs	4d0ec1b5e35f073e0d1bb91f2f5952ea1aa5256497803022fa3e9deca74c75b4
root	vm-rust/tests/e2e/nintendo/game_donkeykonk.rs	04563ea33aa02c260fce1dcc3d23ea5624cd68e083c123e2d208d1cb0f6fb565
root	vm-rust/tests/e2e/nintendo/kremling.rs	6cc939d163484d3d53f7beeb98761fa3f504d31fee11a275226ef929da58a163
root	vm-rust/tests/e2e/nintendo/lore.rs	4a1248f93b3423ebf6aa955058976075f58f24df7e170997491235969d46e0aa
root	vm-rust/tests/e2e/nintendo/mario7.rs	4e3b9c11378e7ed4bb0800035089d3c3d86170368ca9378331958a0832b49d05
root	vm-rust/tests/e2e/nintendo/mello.rs	3820658878709b745552fdd5af4964d8748c35539e01dd306416220cccfded83
root	vm-rust/tests/e2e/nintendo/melon.rs	b39f89370bb88c23ebfcedd91f7de011380dc368a23c11ccbcca8b0cca9a74b8
root	vm-rust/tests/e2e/nintendo/mod.rs	00e30dde4c2288aaf32adfd844901514be6b59da850ab85c6acbc47207b47c65
root	vm-rust/tests/e2e/nintendo/nomiss.rs	acafabc8b653f215f522187ab08b3f0215171447fa08e69fa580d4f1f188d0c9
root	vm-rust/tests/e2e/nintendo/rakeem.rs	4c31243365b587b0c55addef3c6e66b2c75857b408c8cf91a5e714a81fea0d4d
root	vm-rust/tests/e2e/nintendo/rinky.rs	72255af0441a774c3abf85d57b1207f359632cf3d083fa57c97f760a448e0433
root	vm-rust/tests/e2e/nintendo/rollcall.rs	12c881bbec22a6b4d28c7080e665a79f58a60e4911200e4d2c00c626089eb780
root	vm-rust/tests/e2e/sulake/lumisota.rs	1613951850f978b694ed1540ebb5b2738a6640d147a155fb21857cd602329efe
root	vm-rust/tests/e2e/sulake/mobiles_disco.rs	70f9ec2302016bca6877806062792c10ca9a0887360d40983d7e98d2dc2abd46
root	vm-rust/tests/e2e/sulake/mod.rs	677a7f960383b485bf3e4727d8b2b37242ea956046bec4c46ed84e97898a9f88
root	vm-rust/tests/e2e/sulake/shared.rs	08870984dde29dc2699f7950b1f668b3d82051e9c300626ec02451148534787c
root	vm-rust/tests/e2e/sulake/v1.rs	a785f5867d4e49bd74b6bec4d4325dc93189afb7b770d49b3625ae85e611d868
root	vm-rust/tests/e2e/sulake/v26.rs	eeff8320ebaf44ccdd6dceded43107d59109b4dd75cbc19cb5d598b0e720bb46
root	vm-rust/tests/e2e/sulake/v31.rs	00c23f02f6e43653247247819da47150f7a8baa30a04eab062642071bfc2687f
root	vm-rust/tests/e2e/sulake/v7.rs	978ea179dadd1ab6590ca6093d5a2544c5aab3258983635d260b6e39a9993628
root	vm-rust/tests/external_texts.txt	c32e43c93f5703b2f4e64150a914426e1510a4a441d8f2997ceb68ba74dd502f
root	vm-rust/tests/external_variables.txt	d7aff6fb93dd731d9fee92be9bfa362d46c26f1eec61ea6ccd59ca7950604f50
root	vm-rust/tests/fixtures/builtin-symbols-297da4a.json	69693446e4bea673d3124391fc8ede449e71121d10d343f251d43a15813073d8
root	vm-rust/tests/lingo/command_parsing.rs	0934771c9d3df320ea0fd5038c85e6a69ac52debdbc97fd4e0c11b5f3400796c
root	vm-rust/tests/lingo/config_parsing.rs	1ae228b24a4295b1975870d417409be802a7e1205f45e8d22180cd0643c17eb0
root	vm-rust/tests/lingo/expr_parsing.rs	b1bf9e3f840f3a3bae6b10c9fbd3b73c1b19ff319eaaabe224bbbe261aea43be
root	vm-rust/tests/lingo/list_index.rs	68ac2f487fb87d0015e3da9c510234dcd4d64aab7b1094f5906056e945243a3a
root	vm-rust/tests/lingo/mod.rs	002256a58d0830149b79e2ccebc0b0a7c0e205879f55ce2877e007f87b1bc19e
root	vm-rust/tests/mod.rs	abdbfec82d29c1dda60f2a7aa7496e0fba8cd165f673acbff08b5ec1ba32c21d
root	vm-rust/tests/multiuser/binary_read.rs	5063eff39bc337a70b8f180a14ac03bf0c1077c1230b0d37c80af5609a863fd1
root	vm-rust/tests/multiuser/binary_write.rs	1ad1f9e5a53b4928dfdfad1be2eedcbfa3033ce51b2e08a0aa6404d992b544dd
root	vm-rust/tests/multiuser/blowfish.rs	929693a976e663a64e59e3a3ff3d83c1559f560631784f29a9d7c34003862059
root	vm-rust/tests/multiuser/messages/mus_logon_request.bin	31137ae619507d40ea0f386134330bd97fe1f06e0ec37088305ba5b1fe83d3e2
root	vm-rust/tests/multiuser/messages/mus_logon_response.bin	d3eaa7fa08ac7c47a82a397d4503bff6a25d08fa8aba1c4d70f9a0eb1830facf
root	vm-rust/tests/multiuser/mod.rs	258be5dae68ac12c1d3af715800cbfa1f9ddb5d548199f21af6c09168256fda5
root	vm-rust/tests/physx.rs	d64c9880f589edc4abea5ef437fabecd8f13c6a722ab5d9152693a36481512c2
root	vm-rust/tests/web.rs	181970ff03a4a3115a9ead0e90015f0aefef46089c4fa6cd4d113c5d13e64e09
root	vm-rust/tools/gen_js_opcodes.py	aef071e589c0a6003b05ab1ab859e8340baf147def423ba07901047d2f109643
root	xtra-sdk/.gitignore	b53ee26e6ff1da219b0563333a76d2c9ec19eec713d6ee54e11a1edacb0e9f3d
root	xtra-sdk/Cargo.lock	c71d19ad263fa65b9061556ead9d111664334c18c00be589fbbc68ef7887cb7d
root	xtra-sdk/Cargo.toml	f362642c3743739b8af7ca7541bb082f678367531649a819c59562add0db6907
root	xtra-sdk/dirplayer-xtra.wit	9005ed5f51de3aaf3b1a1f43c055eaa4dbd7cb6fcfa6efd14b469ce251a5ec04
root	xtra-sdk/src/abi.rs	0b304403fb16c74d061cfa865f604ff957cb46be4a7de4163c057b00344f3a73
root	xtra-sdk/src/datum.rs	d6dfebcd66413a80f4b6caa9776e2c26d8232a6d60631008462987345633d7b6
root	xtra-sdk/src/host_env.rs	d6b00817267c9f5d9375d99239fa72dbd03d8a23b1a12dac567c23f18055169c
root	xtra-sdk/src/lib.rs	01062cc67d015ba5d9acd2964fc6bd155f1472bab8c8253ddc80a285a273eb42
root	xtra-sdk/src/plugin.rs	2a818260e74fb2d0ec3a75acf8234acaf40c54763f4e906481666ec883c3d417
root	xtra-sdk/src/scene3d.rs	2b97a679d9b6646799363d9a5aeb655b1d77597b5e806af4f104c4ee5eaf670e
root	xtra-sdk/src/wire.rs	c836f6870ab53de802c913acbad98a6ade62d91a779e8ef01572a89c21adbc26
root	vm-rust/src/player/host_events.rs	295636b39a279e340d4273c2bdf1d0849087663046631020ea20c84644358a5c
root	vm-rust/tests/e2e/dirplayer_test_movies/budapi.rs	d982116a17394b5400bc7b610114d4d9f8d4e98effb6777c80c588974654abaf
ruffle	core/src/avm1/globals/local_connection.rs	d4adaebcab08669906b42e33436515d360ffcba1aad2805bf8a2b7621cf17fbe
ruffle	core/src/context.rs	6d923e96435099509b2ca656d56bb014f80f2f572400befdd71e871a0f388d8b
ruffle	core/src/player.rs	1227da1986550072b54aff36aa474f089fa69c411a8daf628b7852356edb4085
ruffle	web/packages/core/src/internal/player/inner.tsx	dc5f9a60086674bbe2d391b162d3fb55b20eeab801ba59e1bb51cd13c36a84fd
ruffle	web/packages/core/src/internal/player/ruffle-player-element.tsx	15a500b8d986a57d8839b9b89bf9b921bc75096435929442a4df4740f266f999
ruffle	web/packages/core/tools/build_wasm.ts	3b72a0bfabf658409733a8db8657d652c49edcb4827cb3b5d4e7d59c3d667393
ruffle	web/src/builder.rs	a1cd11366f40fb585b7493e8da867c27ba1e46ca92e6bf3941be87888f7ae5f1
