/private/tmp/dirplayer-js-api/index.d.ts	docs/checkpoints/native-readiness-20260918/artifacts/accepted-overlay-62/dirplayer-js-api/index.d.ts	13491	35555a619ae5e910622b223fdf234e09858584f7623f3bad888fbd5ca924a66f
/private/tmp/dirplayer-js-api/index.js	docs/checkpoints/native-readiness-20260918/artifacts/accepted-overlay-62/dirplayer-js-api/index.js	48226	b5a5c9ff97f24d713a5b343bddb1f4f4604ac6256b76c8a04381e182c748e715
/private/tmp/dirplayer-js-api/package.json	docs/checkpoints/native-readiness-20260918/artifacts/accepted-overlay-62/dirplayer-js-api/package.json	237	703e04f3e1e2aa9ba555655bfd851311aa96bc0c373b82473d190b266398c4ce
/private/tmp/vm-rust/tests/browser_templates/dirplayer-js-api.js	docs/checkpoints/native-readiness-20260918/artifacts/accepted-overlay-62/vm-rust/tests/browser_templates/dirplayer-js-api.js	22001	fe596df54c8361a42ba0cac576aebd7617040faa6beb7a5b3eac9a244855d74e
/private/tmp/vm-rust/tests/e2e/dirplayer_test_movies/nested.rs	docs/checkpoints/native-readiness-20260918/artifacts/accepted-overlay-62/vm-rust/tests/e2e/dirplayer_test_movies/nested.rs	3145	bd61e02b12205d41d2bc1ddafc0ad3043708e1c51920ca2999a2b7255f9e4ec8
/private/tmp/dirplayer-score-ownerless.rs	docs/checkpoints/native-ownership-20260917/artifacts/dirplayer-score-ownerless.rs	377653	e2f8a97c098db1de9e5b01a784715999c2a7688e75a6ecc29de7a9e4e64b90d7
/private/tmp/vm-rust/tests/e2e/dirplayer_test_movies/mod.rs	docs/checkpoints/native-ownership-20260917/artifacts/dirplayer_test_movies/mod.rs	96	28f915da7976a8c9a5d3f089567343b33da787ff3f03913b2fd57ea71056069f
/private/tmp/dirplayer-native-probe-evidence-corrected-20260918.tar.gz	docs/checkpoints/native-readiness-20260918/native-probe/artifacts/dirplayer-native-probe-evidence-corrected-20260918.tar.gz	409647	f032da61eb102ebc501808d00a74ae9e2d1216315ffcdcce07446db538c6d5de
/private/tmp/dirplayer-native-readiness-baseline-evidence-20260918.tar.gz	docs/checkpoints/native-readiness-20260918/readiness-baseline/artifacts/dirplayer-native-readiness-baseline-evidence-20260918.tar.gz	1606119	cadc800d2b1653f3b851a96cca62bf6fa7e4e67d278cb55e53ae76a80d397706
/private/tmp/dirplayer-native-readiness-timer-runtime-logs-20260918.tar.gz	docs/checkpoints/native-readiness-20260918/timer-runtime/artifacts/dirplayer-native-readiness-timer-runtime-logs-20260918.tar.gz	1349726	1fa550cf51bcbee5de218887292b903305a32b2dd549d719b58e5d90ace8cd66
